id,username,email,password
1,imacphee0,dkillock0@time.com,1GnEeC
2,greynold1,ddavidovicz1@nba.com,Z3E733Fr
3,cleaman2,igumby2@census.gov,4C9D1zk0TM
4,tdeeny3,rklassman3@cafepress.com,dmJRmtdKgxqs
5,jskuse4,rrusling4@lulu.com,rGTpy9u
6,cmatyasik5,lkennan5@eepurl.com,tyFdnWcTo
7,kwasbrough6,mtamblingson6@ovh.net,UFlGLRGa
8,ssemaine7,jgason7@lycos.com,vHcOBzOnsy
9,mtregiddo8,pgerhts8@desdev.cn,dongqhg
10,eemmens9,nmoakson9@sakura.ne.jp,2L7aDihG9
11,zmcruviea,lmeenya@twitter.com,y3mplLz8Ka8n
12,lbickstethb,testableb@phpbb.com,QpflGOX
13,rbelfitc,rstruttc@github.io,WlhysPGaIzr
14,aredparthd,ckeplingd@timesonline.co.uk,RNKFI0Wqv
15,ajeromee,ccrossthwaitee@xrea.com,LVjFOoO
16,tpesseltf,komahonyf@xrea.com,I2UCZz
17,bwroathg,rpleasantsg@friendfeed.com,MMUphIWuUnl
18,mmaccafferkyh,lswensonh@theguardian.com,DOQPth5XLY9
19,aleymani,amolei@so-net.ne.jp,rMg9EMV
20,mspraberryj,hbudikj@51.la,AWP0Ow
21,smckennank,mfitkink@nhs.uk,f74g68cTZ
22,kpotticaryl,gbedelll@goodreads.com,LLS1xFOv
23,mlovelandm,ccoulthardm@squarespace.com,3MiqlDxBYRF
24,gpriestnern,bkettn@adobe.com,dyEsKnNGJPbU
25,clamanbyo,fklaseno@biblegateway.com,4hksXW
26,tkermitp,xgittensp@craigslist.org,Z679iCb48ex
27,ifarraq,msauniereq@smh.com.au,RmHHJ0r
28,mdegregarior,hdonohuer@sun.com,xQH7UavJME
29,ngiddenss,bmarlers@princeton.edu,2sNOKt
30,strevethant,nrowdellt@vinaora.com,mVWbY0aF8r
31,tdenveru,wjarleyu@examiner.com,I9xAGd8czEbP
32,afoadv,ccorbinv@exblog.jp,T5zdlwvrt3ST
33,aweitzelw,gbrownliew@newsvine.com,eNqrcLOKLLqR
34,dshulemx,ashierx@springer.com,tKA1DinaG6
35,wcosiny,mveschiy@google.com.hk,5Wtt0Sb96wXs
36,csharmaz,jdighthamz@is.gd,6mgMXmLzhF67
37,nmaffy10,ccovell10@nbcnews.com,n0vcor9bgdLP
38,dfierro11,hbeastall11@hexun.com,Agdu7IxV4y
39,mburnup12,ttomczynski12@instagram.com,buSTrh4O9oq8
40,cgreenhill13,charteley13@senate.gov,KgAK1B
41,cbiffen14,rpigram14@gravatar.com,o4eovxC
42,mchessel15,csears15@google.it,52PSYX1sc
43,litzchaki16,cfaircliff16@taobao.com,6cqk6ppweGj1
44,apatterfield17,btorrijos17@youtu.be,MFQLsoNnC
45,rriddick18,dgernier18@smugmug.com,hC0bZqcN
46,ksandlin19,cmalinowski19@stumbleupon.com,ezgngNGI0Acc
47,mflorio1a,lerley1a@csmonitor.com,qxNRvJX
48,demblen1b,mzammett1b@google.com.au,u8H5tX
49,tgarry1c,snewdick1c@cyberchimps.com,bCS5SGmwx
50,ktaffrey1d,wgawith1d@quantcast.com,NUUe75frF
51,aarkcoll1e,tgatheridge1e@list-manage.com,YeLJF8
52,thaime1f,nmcinnes1f@japanpost.jp,2h5yfH
53,rciccarelli1g,cflintuff1g@csmonitor.com,7GXsxLjbta
54,mlongmate1h,chogbourne1h@geocities.com,n8GApe2Dhd
55,bmerrifield1i,vlampet1i@hud.gov,ohIi94
56,hwakeman1j,lheitz1j@thetimes.co.uk,cMoLAm
57,gmaier1k,jmaier1k@cdc.gov,BTBU8Nq
58,tdunmuir1l,cdegue1l@forbes.com,chnvJYq
59,djewiss1m,ekerin1m@go.com,bJpKSIcz
60,yfulger1n,iwhiskin1n@ycombinator.com,Octelc
61,cgutcher1o,rvost1o@youku.com,J9UDUv
62,gkellaway1p,dleveritt1p@about.com,SHKsfF
63,groyall1q,bmckeveney1q@aol.com,rsZey2mspVJX
64,ereede1r,hmcturley1r@marriott.com,EIjQ76AA
65,glaird1s,rvanzon1s@exblog.jp,XHfbfGKHaYky
66,dartrick1t,rconti1t@sun.com,EDQ47LY2k
67,rmiklem1u,ahazlegrove1u@reference.com,B5mhFE3eGVJf
68,bjellyman1v,mmaxweell1v@ucsd.edu,Wg1v3v
69,rmcreidy1w,gadess1w@vinaora.com,0TJwQfZeAxBy
70,sbythway1x,cstodart1x@nps.gov,Emwb46HA5elT
71,wmartinson1y,keydel1y@washingtonpost.com,eKkD7qxr7NmK
72,btomkinson1z,rlaneham1z@cafepress.com,zj5222DZa
73,rfrome20,waudley20@dailymail.co.uk,GkRxins0tdw
74,hpritchitt21,mgoodswen21@w3.org,tnNbK3e23
75,frosellini22,eparcall22@tripadvisor.com,9U98RbEYeTp
76,plapere23,oaldus23@blogspot.com,6JMRq5aFej
77,sriggs24,hiacomelli24@forbes.com,NkDx2kJMg21
78,mmelloi25,spickrill25@dailymotion.com,4sHUs0xn
79,rsimnor26,aphettis26@etsy.com,xdxKJdB4Ft
80,tturnell27,rsumers27@loc.gov,PbMFfaVv
81,bblow28,tmorrant28@woothemes.com,ByIE4C
82,astovell29,iwincom29@fotki.com,CzTtRdV2Pq
83,emirando2a,sharget2a@hp.com,dfnTsRM29
84,ociotti2b,dcoche2b@fda.gov,klDoFC
85,rgerleit2c,dvanson2c@cloudflare.com,jJTSXowG
86,pstorton2d,espellward2d@miitbeian.gov.cn,tx04fmwM5x5l
87,cfeldheim2e,fsoan2e@yelp.com,rPcNBclR
88,bthoresbie2f,tmacfall2f@google.co.jp,dNT1yr
89,ccolvill2g,rsneden2g@cnbc.com,Rw6ezwgWUcMp
90,wshenley2h,cdunning2h@wikimedia.org,GfbQyw77XS4
91,tgravet2i,lchapelhow2i@surveymonkey.com,qGIatBstqRX
92,nedlyne2j,hfreckelton2j@php.net,hKRCTcG66e
93,edrinnan2k,baubrun2k@nifty.com,4kUXOZQ
94,mlavens2l,sanselm2l@studiopress.com,oZQPFN0
95,mstamps2m,rmingus2m@google.nl,2nTVfkeATuMV
96,rwandtke2n,icamble2n@ebay.com,yqsAEOct8WC1
97,lbottle2o,zbloodworth2o@mlb.com,JwaYQM5niL
98,ldefries2p,bjiggle2p@360.cn,W5TJ7x7o8
99,eallibon2q,abrason2q@ebay.com,UqDE39ak
100,pbullivent2r,csydry2r@goo.gl,ZECE13oPQBYN
101,rboick2s,arodliff2s@hao123.com,VoKq7RaL3RP
102,mbillinge2t,mhabble2t@soup.io,Qeez4X5s
103,epick2u,stranfield2u@myspace.com,bn58niMTNnDX
104,stoy2v,jnewby2v@posterous.com,tlkFch04SeA
105,lmersh2w,cmeric2w@soundcloud.com,FVjv72WvI6Cw
106,rdaveridge2x,jveall2x@tmall.com,eO9ws2I
107,lcunah2y,rdunthorn2y@chicagotribune.com,xwux4pniVv1
108,lsiggers2z,amedcalf2z@bbc.co.uk,2ZxXG6SoyZE
109,dmelsome30,gtedorenko30@qq.com,c2Hi2V8bqKfi
110,wkuschel31,mromaine31@wsj.com,MjEIMXlkfvzM
111,donn32,bgelderd32@blogger.com,ZvxJp5qgAaV
112,jstoyles33,gboij33@berkeley.edu,zzz3EGeUn2n
113,vcookes34,nsterman34@eventbrite.com,DBbmfm3
114,oangell35,gbotly35@1688.com,JCJtt4l
115,apeacocke36,kburchmore36@miitbeian.gov.cn,EmNIcjdi
116,bdowns37,ewilleman37@umn.edu,omzRDs
117,slyston38,ascourgie38@taobao.com,I00MSJ2ERC8
118,dwollard39,hnotman39@csmonitor.com,hueHGZP
119,skarleman3a,nserman3a@umn.edu,YdfrFHGIewx6
120,sbarlow3b,ymcrae3b@printfriendly.com,3tfGTePf
121,edeluna3c,cstichel3c@columbia.edu,kh3L6GZwFL
122,rblinkhorn3d,lbeauvais3d@indiatimes.com,EW1ZeUZA
123,hmessom3e,mtrow3e@mashable.com,P9QAjwxEoQ3h
124,ebacchus3f,jveazey3f@ft.com,wp0BQUHvMlp
125,mbeavers3g,dbrace3g@squarespace.com,A1MS4vcoc
126,jbursnoll3h,lchad3h@imgur.com,6tPTp9YfW
127,coxenden3i,chebbron3i@techcrunch.com,EXhmK0s
128,ecarbry3j,fledwith3j@privacy.gov.au,ohgbFAypeN
129,jdainter3k,hmcfadin3k@mlb.com,UIbNlZ03Gg
130,bbattisson3l,mschooley3l@ted.com,HxzqTJitiX
131,gcroucher3m,dblackbourn3m@nasa.gov,H0pJvDuJTO7a
132,idoblin3n,hharrema3n@usatoday.com,pQbdiKB
133,cklaff3o,pbroadbent3o@ucsd.edu,bVA2jRJ
134,hgumm3p,rotterwell3p@twitpic.com,FMFcq7shXBsw
135,hpellingar3q,rbrownsmith3q@gravatar.com,GyEdWCd
136,nnelthorpe3r,dtatchell3r@narod.ru,KAyao2ZT5A
137,jcona3s,mdei3s@sohu.com,30du9Z
138,ldrews3t,fcoey3t@sciencedaily.com,rqFy3cvdUN
139,fbeedom3u,lximenez3u@gizmodo.com,fBJ1hXL0X1B
140,adelafoy3v,scarney3v@jiathis.com,KcEvpc0s
141,kbendin3w,hblacklock3w@nhs.uk,YrV5GI6
142,lipgrave3x,tsloane3x@imgur.com,pcDupdrOtWng
143,rshaylor3y,ppearton3y@list-manage.com,48riepTvecO7
144,qabbs3z,fsara3z@behance.net,L2B2864q7
145,fdowsey40,bkirkebye40@posterous.com,LsprK7zfv
146,gtwells41,ssteers41@census.gov,5ck2YYYvDZ
147,jiohananof42,eheyworth42@netlog.com,DeFuURAk5Gbf
148,jdounbare43,mmatskevich43@godaddy.com,NaCOC7g
149,bgowanlock44,kcleyne44@ehow.com,2fFGS0ol
150,chowselee45,mtabb45@nature.com,hGBpCh2
151,emordecai46,cmccourt46@psu.edu,JOfbfV2e4BCW
152,crecher47,mvondrasek47@gizmodo.com,ByqIgkv
153,rtummons48,ipoter48@infoseek.co.jp,oIPcR8Z1es6i
154,ttegler49,jturnpenny49@bravesites.com,bjCMqco
155,rmacritchie4a,aveld4a@behance.net,vqjWHFpwRQ
156,jannandale4b,maysik4b@newyorker.com,jDvcF6VPYM
157,twadelin4c,asirmon4c@alibaba.com,caXxSBebYL
158,wbrothwell4d,bbloodworthe4d@soundcloud.com,YFWgKr
159,sreolfo4e,ebartzen4e@miibeian.gov.cn,tssVbIrDB6
160,camaya4f,mjackalin4f@skyrock.com,NjRwwHPb0dl
161,alythgoe4g,waldrick4g@networksolutions.com,luQRNW
162,akhalid4h,kdantoni4h@netvibes.com,eC85W7G
163,msedgeman4i,ntumioto4i@imageshack.us,1CrGk9a0Kc
164,ewodeland4j,cpowter4j@4shared.com,4TpWDj58GkI
165,amillthorpe4k,tmarkwelley4k@cnet.com,jcE7PJjsT
166,ddunbleton4l,mmahaddie4l@angelfire.com,ZWKC80
167,wtopliss4m,ning4m@ihg.com,51WT4PqqbjS
168,gshiell4n,lgornal4n@myspace.com,nWRrEOcaz
169,kbeggini4o,thorsfield4o@ca.gov,qKI9a8
170,babelson4p,swinham4p@technorati.com,kCqPjhUxuS
171,ewhiteoak4q,jpagan4q@goodreads.com,Pgdkm0UT
172,lneely4r,clebrun4r@lulu.com,iISFwb
173,jchupin4s,lsussams4s@psu.edu,wQqasOCDOBef
174,nwillmore4t,eutterson4t@opensource.org,C8ny21ss
175,fspragge4u,dpeidro4u@google.ca,w0YW6bC
176,gdimelow4v,ggraith4v@abc.net.au,WAOfrV0t6IM
177,cnewlove4w,cbaldi4w@vkontakte.ru,2Ktdy9tBD5Qz
178,afenech4x,pdurrans4x@delicious.com,7UdTpaI
179,acleghorn4y,khein4y@wikia.com,4ZI9ZVi8x
180,rkeetch4z,pwidger4z@amazon.com,Wiji8Ssts22M
181,nhappel50,sganderton50@gravatar.com,gAgbnEyS
182,jhookes51,sgiannassi51@squidoo.com,D5CvjgqCb
183,lwarbrick52,bdorney52@sciencedirect.com,bXnhVAR
184,llismore53,mmixer53@utexas.edu,jpiUm79SET
185,abowne54,mhasel54@imgur.com,uBiY5xX6qW1
186,mmaccallester55,nkinder55@google.de,sslkqOEt
187,slugsdin56,bsawley56@ihg.com,xZsLHwJsKZMc
188,tscaddon57,dmathan57@epa.gov,3EAe5zMJ
189,alean58,bbosche58@prlog.org,SWwrNU
190,jollerhad59,mlewsy59@hubpages.com,sR0vRHtgKByE
191,bveryard5a,llearmont5a@vinaora.com,tLVqL7AynIdE
192,ttrever5b,zpires5b@canalblog.com,1kTiflvCKRP
193,rmainston5c,walesbrook5c@vimeo.com,YoyQgEc1YlXQ
194,tgennrich5d,iconachy5d@virginia.edu,mKT7jRx5
195,hklemmt5e,rfairleigh5e@twitpic.com,M8wAmaE2d
196,lfoucard5f,fhiley5f@gov.uk,MwTHAo
197,viacovielli5g,kradnage5g@jalbum.net,knjrXOL
198,sthickens5h,ameron5h@sun.com,qhrfvirkkn4C
199,naspey5i,sarrigo5i@walmart.com,DPYtWpDjU7h
200,lcorre5j,ttwidle5j@newyorker.com,eHPr6M4el8m
201,zdumsday5k,icoull5k@prweb.com,vdoD8vYuW
202,abruggen5l,medden5l@admin.ch,2o1oCSD
203,krains5m,bmeugens5m@mysql.com,3j6qNApw
204,cjessup5n,yelmes5n@nymag.com,virmPUWCYd
205,lsimmig5o,gdiehn5o@illinois.edu,2YHsMQ68T
206,hkienlein5p,jrudland5p@ted.com,sPJbcvZZ8F
207,hsargeaunt5q,hsoro5q@friendfeed.com,UPwkqo
208,morridge5r,amossdale5r@taobao.com,uQGXpVS9eXaZ
209,lmephan5s,jtreadway5s@dyndns.org,oOd05ugmEBVt
210,lwickman5t,gocurrane5t@springer.com,WwNIsPiZ1NM
211,amussotti5u,bsher5u@rediff.com,Ae1Dclt1Q3
212,jblinkhorn5v,zgarrish5v@npr.org,gnNUT2uQdzsz
213,bneasam5w,ksurphliss5w@google.de,V0EbXxAF5
214,vjurzyk5x,tkluge5x@auda.org.au,8TlZTBKmu
215,lbaggalley5y,clatey5y@yale.edu,WM4AmIQ9mqpY
216,wcrudge5z,fhorbart5z@hatena.ne.jp,2LrTWJT9KFTM
217,mjobin60,aevenett60@nsw.gov.au,pABWcHUrtw1
218,wrockhill61,zmerit61@theglobeandmail.com,8iobg2z
219,wrosenblath62,bleaming62@scribd.com,20ehcEJonFWL
220,adowdney63,nmardoll63@paypal.com,gTOQXSpLfRys
221,roronan64,jeilhertsen64@yolasite.com,2JIJddfTN
222,jlittlekit65,chogsden65@gmpg.org,E2gRVA
223,ptabard66,lhumfrey66@homestead.com,e7AraDhXQ3
224,bfolshom67,ssemered67@bbb.org,9JLtpuE36wte
225,mstruttman68,djobbins68@sourceforge.net,npNcovG
226,rkubicek69,ljecks69@ameblo.jp,Mh4FKwYM
227,aipsley6a,tsprasen6a@wikipedia.org,x5S0vT
228,dcaplen6b,ssleford6b@time.com,iEeEfYno
229,rcardozo6c,cwhyley6c@apache.org,Kb3aCUrteexl
230,felster6d,skrug6d@deliciousdays.com,BwJKvcokz5G
231,aburgiss6e,jmccaughren6e@jigsy.com,wSkQ8IOgps
232,lbowich6f,msedge6f@lulu.com,8HC19I
233,mcopin6g,khazelden6g@nytimes.com,kRbzyMYS
234,mpetroulis6h,rbawcock6h@wikispaces.com,0v76SOP
235,hlabadini6i,rbussey6i@histats.com,IYdqjPsEyQ
236,lbellson6j,lberkely6j@ox.ac.uk,L5mEFSKg
237,asiemons6k,bgebb6k@hao123.com,yv0lD9w
238,tquakley6l,kstallebrass6l@vkontakte.ru,E8uD1Zekwv
239,zgave6m,vsabathe6m@hugedomains.com,a1lVb8At
240,jtenney6n,caseef6n@parallels.com,Yp5w4w7dn
241,gduffit6o,cbulloch6o@live.com,7X5MRgVo9R4
242,stal6p,ahelks6p@statcounter.com,RrOsPIc9H68
243,glambdon6q,agoldsbrough6q@theglobeandmail.com,OtcbuZOf5fV
244,fflatman6r,walenichev6r@purevolume.com,w10QZ6tKw
245,bgrasser6s,kdeighton6s@jugem.jp,iLKzQYWUm9U7
246,sbirbeck6t,jofarrell6t@issuu.com,DpPCOzensttP
247,edibernardo6u,wthomassin6u@java.com,Q8xEGKDolI2
248,dbransby6v,bkorpal6v@intel.com,EXhuKa1j
249,psherar6w,bmaccallion6w@ameblo.jp,Dv3B59
250,ebetts6x,rshivlin6x@mail.ru,h8Jto4
251,dbounds6y,felen6y@github.com,1vpoN09vvX
252,ebackman6z,cmarlen6z@nasa.gov,yvIRLt3KX4
253,ccrickmore70,asprigin70@bravesites.com,sT9ngROBgy
254,ocauderlie71,cmacalpine71@nasa.gov,2ZlCaThr
255,astuck72,rbonicelli72@utexas.edu,aMNub9F
256,nbunson73,spaulisch73@sun.com,qYvo2DJw
257,ksaket74,telecum74@huffingtonpost.com,TJcKOA8
258,ccapehorn75,kclimie75@ft.com,RysdoPlIHd5S
259,npiff76,kmcgeouch76@senate.gov,RdoH8nQpT
260,cchampness77,dhatchett77@spiegel.de,YCqJ0fGlRKb
261,xgamlin78,sbeacham78@imgur.com,jUa4aZ1
262,nanthiftle79,dfreeland79@telegraph.co.uk,fTxCAB7i
263,rbarnwall7a,rpoulglais7a@wordpress.org,rOkVIn
264,bhucquart7b,sengland7b@arstechnica.com,F1DcleK1
265,vgammet7c,msampson7c@drupal.org,A01w0dFAN99
266,mbowman7d,mmaccurley7d@feedburner.com,Q6nbid
267,ncatlette7e,etinston7e@woothemes.com,yAJD7B
268,gsirmond7f,lbraznell7f@upenn.edu,Vm5GrY
269,creilingen7g,cpatsall7g@facebook.com,NiZLQ70sFy
270,thearns7h,ibrizell7h@ted.com,tYysXTzz46
271,ejzhakov7i,jalenikov7i@dell.com,441bcYB
272,fcowling7j,cgladhill7j@chicagotribune.com,9hej5Ucah
273,bmereweather7k,fbetjeman7k@hibu.com,OqbYhnaOYJB
274,agisborne7l,gashbolt7l@flickr.com,acLoKtDhFvbj
275,ccastell7m,yconey7m@un.org,jdSN6efQFv
276,alukasik7n,zklimuk7n@google.co.jp,8sUQ8oSUQn
277,rdog7o,bgreasley7o@foxnews.com,xMuCsv
278,riannazzi7p,plandells7p@over-blog.com,PXfwVnB
279,hkloser7q,smears7q@mapy.cz,drtU2vQSa
280,gburnett7r,bbirkinshaw7r@deviantart.com,NMb5ZeOJ
281,mwattins7s,swassell7s@a8.net,wa9Sxmd
282,gabsolon7t,sodogherty7t@vinaora.com,eyFTgDeK7J
283,ghaswell7u,hkearsley7u@netscape.com,6KQIU2NpV7
284,gbrotherick7v,dmacpherson7v@furl.net,zwTNdRl
285,ewillowby7w,mhuguet7w@bloglovin.com,IJx3DNasJj
286,imattimoe7x,dpohlak7x@loc.gov,3hrxBnY3ID
287,dharken7y,csellick7y@berkeley.edu,70tYT0
288,dbogey7z,orowden7z@reference.com,HOcMfBFQciV
289,cleachman80,rscocroft80@npr.org,u041Ebge
290,mwinslow81,dibert81@istockphoto.com,t9FNMsZWw
291,wboorn82,rsirrell82@ustream.tv,5xgGPl86ZO
292,bstrain83,rdessaur83@gov.uk,zmqdD4OXP
293,fdescoffier84,tsmoth84@google.es,UGR2b5Tu
294,jnorthleigh85,mjosebury85@dyndns.org,m2fTiUko5
295,nhaith86,aguidera86@redcross.org,WNk2bPkv5QKl
296,tbromley87,drobertucci87@dot.gov,3sUsA2pGfb
297,troose88,ljedrzej88@odnoklassniki.ru,qDzjduhss
298,qjeanin89,zkestle89@comcast.net,I8K2dnCN
299,lcraghead8a,csurgenor8a@ask.com,qt6VdymQ
300,edonett8b,ubambra8b@squidoo.com,ZoqJkIkr
301,dfilipic8c,jboulder8c@aol.com,eb0Ps4Wkxq
302,khawthorne8d,abrognot8d@mashable.com,jPkPdidj8ra
303,eparbrook8e,gkohrs8e@usnews.com,XSPKeD2OXf
304,mlankester8f,bdrillingcourt8f@tmall.com,CzSNU0YrM
305,stinan8g,jdagostino8g@4shared.com,TgCkNF
306,pgavaran8h,respinas8h@chron.com,XQM77hBXM
307,lgraver8i,kbridgstock8i@amazonaws.com,1vhFa0cal
308,evuitte8j,panthiftle8j@intel.com,6FIUgQt0WD
309,dgallienne8k,ckubach8k@youtube.com,lP2DCU2MmLl
310,kschwanden8l,ifugere8l@auda.org.au,VnsdCEA9rL
311,gchedgey8m,ppirrie8m@1und1.de,SUbKFGnW
312,vdumingo8n,mrysdale8n@fc2.com,w2RM07y0FB
313,gangerstein8o,bshord8o@163.com,Er1gLD2
314,kdomsalla8p,epavese8p@ftc.gov,gPYDvu
315,stedridge8q,iwinspire8q@tinyurl.com,G2hFZxVF3781
316,lfilintsev8r,jgoreway8r@phpbb.com,xWT9dk
317,dharlett8s,astquintin8s@github.io,64sZIgk
318,cdumblton8t,awalisiak8t@timesonline.co.uk,ubDzBJMzEgU4
319,bfurminger8u,anice8u@oakley.com,coaKlNj
320,nchurchley8v,mcullinan8v@mapy.cz,uWFtNh7
321,bbrosini8w,ekoles8w@a8.net,1OalffK
322,ftapenden8x,dhowgego8x@chicagotribune.com,ZqCA6KFqs5o
323,setridge8y,tfermoy8y@google.de,vzPOqcFRtQEv
324,kguilder8z,bbristow8z@indiatimes.com,aM8obRLOI
325,fwadsworth90,wedlyne90@ning.com,vELwHLTeig
326,hyetton91,gkinig91@oaic.gov.au,IbwUDUQk3SM7
327,pslate92,ckalkofen92@google.com.br,qCVwxtg2HO
328,tofficer93,dcammocke93@comcast.net,5jq2ld
329,abraidon94,nredan94@toplist.cz,ZCayMeo
330,ddurnford95,dschwerin95@github.com,UNLOPefRP
331,ocritchell96,mcorde96@springer.com,hAVifHSam
332,dnussen97,pbohan97@indiegogo.com,mMyNvHbmP2
333,mholton98,drizzardo98@purevolume.com,TRIqKh1e
334,nellissen99,mmcconway99@ezinearticles.com,Gg2rnI23Wl8
335,flowless9a,rashley9a@disqus.com,nev52Bxx
336,mtumber9b,elehrian9b@de.vu,xfjaErnr
337,erighy9c,cwardale9c@desdev.cn,tN1RxZdq1dy
338,dbargh9d,dgribben9d@macromedia.com,oam8Ff
339,gtuftin9e,omessier9e@soundcloud.com,mKzJedk
340,newington9f,epuckham9f@clickbank.net,85hCFLqeG8pZ
341,lbettison9g,hespinazo9g@nifty.com,J7Jg3U
342,gfarrey9h,jgaukroger9h@rambler.ru,DSqohYWzB
343,dchinnock9i,jkennard9i@exblog.jp,0k6U1c
344,maloigi9j,ksteinson9j@mit.edu,DdE0LTIARM
345,cdimeo9k,ohare9k@nhs.uk,paf3FEfs3
346,cmcginny9l,wlehrle9l@amazon.de,E0whDD1
347,cgowdie9m,gbooty9m@godaddy.com,oyK57Hd
348,ljull9n,mbedminster9n@foxnews.com,c5XARE489
349,ahannon9o,gedgell9o@weibo.com,kZCkVo6ETdh
350,roldnall9p,lcurrum9p@hostgator.com,I8totqQbKE
351,cjeffers9q,amacsween9q@multiply.com,CQV4tSn
352,ecanavan9r,cnevins9r@squidoo.com,dOtvjqN
353,fmitroshinov9s,jbradfield9s@zdnet.com,J6rz0S62
354,cklaves9t,tmcmylor9t@state.gov,wsEiFMSc
355,kcrowe9u,wsarsfield9u@youtu.be,UtRd2HD
356,baxe9v,rcloutt9v@paypal.com,dwORrB3AGE9
357,bsedman9w,atobias9w@mapy.cz,qdfx0KuYs
358,bdewhurst9x,marthurs9x@telegraph.co.uk,OA2EWsXPqn
359,pfilyakov9y,aedinburgh9y@edublogs.org,lggdMyg3y
360,abeddin9z,hzapata9z@mail.ru,TURWcaHGFG
361,hlaughtissea0,ksaturleya0@naver.com,r52vZV
362,adiroccaa1,pchapellowa1@noaa.gov,1Ql0YeeP
363,jkapelhoffa2,lcluleea2@eventbrite.com,kfxxTCwvpKpY
364,belstoba3,alocala3@pinterest.com,vn6OXRVkow
365,kscaddinga4,lpiscopielloa4@redcross.org,vh3cjFudj
366,dsteersa5,dlidingtona5@sitemeter.com,CO0tdUX17Ho
367,fmallyaa6,aberreya6@zimbio.com,AsOxTO
368,bswaylanda7,kgudgeona7@163.com,P1wvloZlNs
369,kplevena8,hdysona8@cmu.edu,FFYdLoTOsWH
370,tdibiaggia9,eplumridegea9@parallels.com,gANppMRun
371,hdevonsideaa,yguerraaa@europa.eu,wp167H
372,aboxab,athomasab@mediafire.com,brkdFRQ6gw
373,sdriussiac,jpigotac@answers.com,eCMApF
374,pshreenanad,tkighlyad@washingtonpost.com,SrB5z6z
375,kcanlandae,ahethronae@webmd.com,UDZCy8
376,rneillansaf,isimkovichaf@e-recht24.de,8kNUdNx
377,kwhatleyag,mducarneag@multiply.com,5zPOwh
378,abrodyah,cjubbah@goo.ne.jp,vy3vVKj
379,spettegreeai,teatonai@123-reg.co.uk,zMYma7
380,kcaltunaj,bmingardoaj@tinyurl.com,xg1vNBkAlg
381,pswannellak,ewiddowfieldak@booking.com,UN8tzTvB
382,kczajaal,tsumpteral@sitemeter.com,gk1NAvwMf
383,rbladeram,mfeaseyam@sun.com,jLXPgMnAFig
384,sbonnysonan,mshackladyan@163.com,sv9pT2OG6D
385,jheadeyao,fhakonsenao@google.co.jp,Kx9agJFp
386,dtullochap,diansonap@people.com.cn,Z0VBKup
387,cgingleaq,mcutcheeaq@facebook.com,dAZLbpmFP
388,amogerar,dheidenar@amazon.de,TwP8IQd
389,pfagenceas,fdaddas@prweb.com,afYDK4RiSn
390,pdreweryat,nglantzat@arizona.edu,VxzBok
391,spaulettoau,centicottau@friendfeed.com,p2ojWsI
392,kgilstonav,kfollingav@msu.edu,PuXLIqg7
393,rrouthaw,ebutterfillaw@seattletimes.com,aD0j26
394,jharraginax,wmccaullax@i2i.jp,Ops9nVUo
395,bsearsbyay,ccoldbreathay@globo.com,BvQp83NZlg
396,dphilippeauxaz,ssigginsaz@nature.com,DslOB5qouC
397,lhuzzayb0,jpolsonb0@ucoz.com,haAI7IqR
398,rkemmettb1,eedisonb1@cdc.gov,4vtiQIrV
399,slimbertb2,feacleb2@nytimes.com,K9CxPLzGLG
400,jmcleanb3,aitterb3@vimeo.com,zHT0fwlKAsN
401,cmelvinb4,sbecklesb4@fema.gov,CPV86MO
402,htoffaninib5,sjustunb5@ucoz.ru,C9AO8Hz
403,sbuttingb6,cgherardescib6@ted.com,Pw4DG2nJ
404,hvintb7,ttranb7@reference.com,VXk6LaRw
405,yjarretteb8,vkalkerb8@ocn.ne.jp,yJI2PsOgr
406,dpocockb9,rhogganb9@apple.com,EShvOSaz
407,amattacksba,cinchcombba@stumbleupon.com,NsGffYzql
408,srodolfbb,sbogeybb@independent.co.uk,SfSvWZnyo9Ck
409,geakensbc,dhounsomebc@wordpress.org,iAG6S5wiB
410,tcoombsbd,wswancockbd@mediafire.com,sb3qSc
411,avonnassaube,cmacpakebe@shinystat.com,TtvuH5TF
412,mscoylesbf,fborriebf@hatena.ne.jp,ewnBbqxKd92j
413,qmozzinibg,pricksonbg@ucsd.edu,N1wFUkR
414,dyurmanovevbh,jkerrybh@time.com,XCcEDV
415,zlowdeanebi,kgalifordbi@theguardian.com,kWjVHlXZe9Y
416,padanezbj,dwykesbj@bizjournals.com,udwLpti
417,sarchbuttbk,hstpierrebk@opera.com,uV7CR8U5
418,mstobartbl,ghendinbl@dailymotion.com,56GwGQ
419,dpankettmanbm,scusickbm@aol.com,IR7XTXKlnZWh
420,kseatonbn,hescolmebn@foxnews.com,mMIYxcmUsyG
421,bpershousebo,rperagobo@baidu.com,T4W4F6UbPa
422,bbrevetorbp,epikenbp@smh.com.au,FmIVyJgtoC
423,blethbridgebq,rroddambq@fotki.com,aHFWv5K
424,ablinckhornebr,vbransonbr@icio.us,NzcfD6Hf
425,afearbs,cjorczykbs@printfriendly.com,L7wGcTU1Rk
426,jminghellabt,bvannucciniibt@com.com,Jocp8Jfd
427,ocordellebu,sreckhousebu@tinyurl.com,6LvnZSrp6qJ
428,ftildesleybv,sdunnanbv@bloomberg.com,NCHLU8YzXZli
429,mrosenshinebw,ecutillbw@nyu.edu,o07PcIiHmMEt
430,diacovinobx,mdarguebx@wix.com,rJKO94A
431,fmatousekby,jfarebrotherby@chronoengine.com,Rc061N
432,dbezarrabz,johallaganbz@amazon.com,gj1Z6T
433,ccarrellc0,dzohrerc0@domainmarket.com,esf9IZbP
434,jrosensaftc1,levasonc1@lulu.com,ihlizOWYmFY
435,dmacairtc2,dwanklync2@twitpic.com,AgETqd
436,tfancyc3,jgiovanazzic3@pagesperso-orange.fr,RDz53uFcuOkE
437,cmosedillc4,btarquinioc4@usatoday.com,wTaIzfl4cG
438,jslatfordc5,rwardalec5@miitbeian.gov.cn,XU0Be4u
439,mfarringtonc6,sgumeryc6@wikispaces.com,uEUebNcjYGx
440,glealc7,tmaffeic7@booking.com,LLjAm9hImHJ
441,uhollyerc8,idimitrievc8@smh.com.au,xi2dHfET
442,nalsopc9,hatcherleyc9@opera.com,4klZj0Q
443,bstanleyca,sbrimleyca@sitemeter.com,FSEzM8yGMDA
444,jmcgaugeycb,hgurgecb@printfriendly.com,qoYYDL460rUh
445,casquezcc,kblakistoncc@ustream.tv,CTIpIixYb
446,rzemlercd,lgilliattcd@ucoz.ru,WSH28V1
447,kelsopce,mgrzelczakce@digg.com,a65pvAUZHU
448,gtowsiecf,erickertsencf@myspace.com,A18rBdncJ
449,gbacchuscg,wandreassencg@discuz.net,KoJLUAJ6EA91
450,gyurkovch,omatulach@slideshare.net,kOEV7x
451,mblanchci,lgrinaughci@jiathis.com,jYk5vP
452,gipwellcj,bschuttcj@symantec.com,k17JtOuC
453,wzarbck,whaimeck@baidu.com,nudoelp
454,dredgewellcl,tcolleycl@networksolutions.com,m0chPaTfq
455,ebaddeleycm,rkasmancm@yale.edu,s0NDv6I
456,mcottacn,mwaleworkcn@wsj.com,CxXCxwRh
457,ocostinco,tgarnallco@instagram.com,YsioP7Jed
458,esinkinscp,jmeadmorecp@skyrock.com,VKcQw4in3wIS
459,vdringcq,tdeguisecq@etsy.com,OQwfUN
460,epalluschekcr,solunnycr@sphinn.com,hm5vbOs
461,dstuehmeyercs,eduforecs@mozilla.com,YfWgkE
462,dkittlesct,nloidlct@redcross.org,SygHxh
463,jtzarkovcu,mgittiscu@nsw.gov.au,Ns8F1nd8RT
464,dliversagecv,tcranstoncv@ed.gov,F95VrWgmK
465,lblanningcw,nteschecw@sakura.ne.jp,CgdWkvTnSpu
466,lhuxstepcx,ccockliecx@mail.ru,Lxj66LXP
467,lbradburncy,cbelliecy@huffingtonpost.com,Ux26V1sx4
468,hfairecz,mpeddercz@nba.com,sHSlGW4tdhEe
469,pmellersd0,bheared0@marketwatch.com,ZIiEj17RU
470,rbryand1,rgaried1@pinterest.com,YBWEvyMN
471,cchaytord2,hcaghand2@is.gd,XhwC7Iu5L3
472,mholehoused3,hwearingd3@utexas.edu,vxds8I
473,aeastwayd4,cboumphreyd4@cloudflare.com,BVKxtBUsC
474,ldarlastond5,efiridolfid5@drupal.org,GeRBpTeAT
475,vdunfordd6,tscoullerd6@npr.org,1bvUSEVzSi
476,bannakind7,dupstoned7@vk.com,xzoJJvupz5E
477,jnighd8,mventrisd8@japanpost.jp,5GS56tjEN
478,ndumbralld9,swhimpd9@mapy.cz,hHFtO6
479,eadamczewskida,dantyukhinda@ezinearticles.com,BS2f7sphC5vY
480,srotterdb,rcrevaghdb@fc2.com,fHpIE3M3
481,cjohnikindc,cbinniedc@dot.gov,EtNx5Kn
482,dteresadd,pvassedd@seattletimes.com,Fe9ZLEG
483,arozzellde,dderingtonde@virginia.edu,xadiHcSOaWg
484,jsthilldf,jmoncktondf@apple.com,8ItpPssE
485,mellesdg,smccolleydg@accuweather.com,ixGuLVEroChQ
486,gannakindh,coduilleaindh@surveymonkey.com,X6QwKL54CW0I
487,vfellisdi,ryerringtondi@myspace.com,2BneJhZvKJrR
488,mcastellanidj,aseamendj@tiny.cc,xet4y4xl1q3
489,lcheersdk,gboasdk@canalblog.com,CJp1BMvi7sZ
490,fnockallsdl,lpragnelldl@vimeo.com,BCcI5v
491,cwaliszewskidm,pbowerdm@gov.uk,9f0FFtGTLG
492,jboyendn,socrigandn@google.nl,uKHaKjuSuKX
493,lesomedo,mtattershawdo@oakley.com,eFCahpl1BQU
494,dlovelacedp,jgrinyovdp@uiuc.edu,3M5DqBzlFyt
495,ldustingdq,mfantinidq@symantec.com,aS4tuEIf
496,wmcgeneaydr,lhambricdr@shinystat.com,OLr3KoqX490
497,apherpsds,cnorthfieldds@storify.com,laYz9eOJW
498,yclemmittdt,kclaydt@npr.org,Ch1ZSEX6
499,gstoggelldu,cmounseydu@sakura.ne.jp,ntBiaH8G
500,spattinsondv,smitchesondv@businesswire.com,oQym20c
501,scarslakedw,tdeandreisdw@yale.edu,ANgn38S8tvY
502,kdelaprelledx,tlaidlowdx@mozilla.com,JP1LovhHUJEO
503,dgavandy,ldinkindy@wordpress.com,romrPnqrBnzV
504,athornberdz,moshirinedz@cnn.com,1gBM1QbTXR7X
505,jmarshfielde0,emostine0@marriott.com,1EarS5WBg2A
506,kmcdiarmide1,sruslene1@biglobe.ne.jp,s5mGtPAVRJ
507,mgaithere2,ykurtone2@pagesperso-orange.fr,D8prfb3Ehoc
508,hpeddare3,cpeermane3@virginia.edu,8ZQ1Q9y2
509,chewe4,aaronse4@cbsnews.com,G4yV4ej7rqn
510,dbroadberriee5,ytezuree5@tuttocitta.it,WixDUM
511,oaristidee6,jboothmane6@apache.org,oSFR7C4
512,baguttere7,bhodgone7@reddit.com,rRFblJn
513,fculpe8,vdowleye8@geocities.com,HS8fGZ5pXjS
514,clyokhine9,wburdgee9@jimdo.com,dxg7TiUfs
515,pmahedyea,gstolbergea@ezinearticles.com,Dy4JXSWkA
516,lmedleyeb,astidworthyeb@ning.com,P6PI9plLq
517,nayliffeec,wahernec@wix.com,QmpEf5j
518,flehucqueted,melyed@macromedia.com,8Tg2y9nue6
519,jchieneee,ebriaree@theguardian.com,KT5AJaUNVF
520,jmanzellef,tkimmelef@opensource.org,N8Xesu7DlDUB
521,cmccrainoreg,kfuncheoneg@un.org,lKJpzxbonNl
522,kbasleyeh,clorkingseh@drupal.org,M5cGBS8UH7x1
523,sbrisseei,hstillyei@barnesandnoble.com,Vw84iDE
524,awebberej,ncrimpej@free.fr,CffSeVXvPH
525,bbessantek,ajaquestek@t.co,h3aXqRo
526,gstennersel,asandarsel@webeden.co.uk,GLNJttE2no
527,hrodieem,vstrakerem@ucoz.ru,RbJ1jDKoEDim
528,bbelamyen,npawlaczyken@mayoclinic.com,QCko31Y
529,pwellseo,pcoverlyneo@techcrunch.com,6UWnWX
530,cbaksterep,vmatashkinep@techcrunch.com,Oad1ye0F5W
531,cbeccleseq,sdarwenteq@umich.edu,Jk1oDwn
532,vyousterer,mquantreller@ca.gov,PStgOu72vx
533,gmcevones,fburkinshawes@booking.com,PQe7k3R3AUXB
534,cconigsbyet,fmackibbonet@tamu.edu,gsYBliq7T
535,swolfendeneu,mlaurieeu@buzzfeed.com,aWsF2fj0j
536,jconstantev,pfearneleyev@gov.uk,9u7GCE6
537,amanterfieldew,juppettew@ow.ly,aE05vbon6S
538,nlowtenex,bmedcraftex@spotify.com,e0yNE8m
539,rfrederickey,gcolqueteey@technorati.com,O3RTGc
540,abartodez,lpedelez@livejournal.com,khz01tIq
541,njerdanf0,asimperf0@symantec.com,wzT2N57h3Ixe
542,despinef1,hhackwellf1@desdev.cn,VpKpcFh
543,zfirsbyf2,svlachf2@cocolog-nifty.com,Dygyapfqgy
544,gtuckwellf3,vsymingtonf3@cbc.ca,oFAnnlobt
545,bgilbertsonf4,cmarnanef4@yale.edu,JITLVQu2C
546,ehawef5,rtortf5@elpais.com,oChoubrqHAka
547,tkruszelnickif6,ostiffellf6@google.com.br,GDelXqgk
548,jhyltonf7,lakasterf7@ask.com,UbbsRLc0
549,sgisbeyf8,lblackhurstf8@ca.gov,jXyoFo9A
550,epoundsf9,blavinf9@epa.gov,neiHSWB6QR
551,bfritschmannfa,falldisfa@wordpress.org,RzkrQLDsH
552,fcannavanfb,sterrillfb@prnewswire.com,rTKvxggU7w
553,gcrawleyfc,darentfc@geocities.com,ZsDqxYm
554,bcundyfd,mvowelsfd@mac.com,GMSas1v8
555,sstorckefe,efrazerfe@ucla.edu,uuLmFfrP0
556,vigounetff,tmundayff@ucsd.edu,NXMO7cmOAii
557,kclaughtonfg,kdowsingfg@globo.com,oOFEASCFZ
558,ngrunsonfh,enaryfh@ow.ly,GDWt4tP
559,gvarleyfi,siacomofi@comcast.net,n1hPpmjP
560,rsavillfj,erentilllfj@etsy.com,i8XPQZ3
561,cquereefk,oschmuhlfk@google.it,90yLdd
562,diddendenfl,nramirezfl@google.com.hk,wbwlS4
563,cedlingfm,kbrusbyfm@umn.edu,Vq2jwJ2ZO
564,jpeartfn,dnorrisfn@hhs.gov,NDboBWt4y
565,bjoysonfo,btilleyfo@harvard.edu,9dGW3rH
566,aclemoesfp,cneatefp@plala.or.jp,QLIZkv
567,bmccluinfq,toldlandfq@last.fm,HYrzrCqA
568,mfirmingerfr,hcuttinfr@un.org,wuGAsgN
569,cmatfinfs,nhawleyfs@bravesites.com,YSrHIRpAAtQZ
570,rrulerft,rziemeckift@salon.com,OdpDKgM
571,frawlesfu,dsebrookfu@elpais.com,GZYKAe2QBS
572,dbasilonefv,hboucherfv@cdc.gov,37dNIXvt
573,cfeldmanfw,tgonsalvezfw@taobao.com,CaZSRAiCYG
574,cgliddonfx,wwithefordfx@walmart.com,DZlUWo8x5
575,idonify,aegertonfy@accuweather.com,XXlilcR
576,bsheasbyfz,rshewringfz@stanford.edu,moiYzKjguD5
577,rvigarg0,swhileyg0@hp.com,0KmorN
578,hholehouseg1,mdelicateg1@hao123.com,rU857xI
579,mprahmg2,braggittg2@ustream.tv,Fj5XqRdKjEZn
580,azimag3,ksyrattg3@wikia.com,o9cWb57ek3Q
581,tsporeg4,gmoynihang4@uol.com.br,OKHxWPX
582,amilesapg5,ttraversg5@adobe.com,o0BYW8HU
583,tscoffhamg6,hstevensg6@vinaora.com,aoaxL8f0r3
584,phavikg7,asygroveg7@squarespace.com,4ohQ23A
585,enoldag8,nengehamg8@telegraph.co.uk,DGvAnG4Xa
586,ekarolyg9,vilyinskig9@cnbc.com,kxWLbNOKr
587,tthreshga,tespinoga@aol.com,ijMtOgFT
588,mtomekgb,amckertongb@paypal.com,zEvciIsBdA6G
589,rsumpnergc,mingleygc@cargocollective.com,xmk4dBx75X
590,shighwaygd,cbyffordgd@earthlink.net,q9yfPZwIVBU
591,segaltonge,estratfordge@nbcnews.com,NUrS11dmzG
592,tstoffergf,qpiellgf@bluehost.com,VsfL9en
593,fdemogegg,mburgisegg@auda.org.au,HDnLqqhU
594,gshatliffegh,kedrichgh@sphinn.com,L9Q8Bj5Dldd
595,bbridgewatergi,stingleygi@java.com,Y0r0BIA9H
596,ehuggongj,kalesogj@1688.com,1o4KJHVCNHt
597,lissongk,emacritchiegk@ca.gov,UpzTRFMXpc
598,lhewertsongl,rpedrickgl@dailymail.co.uk,jLgUWip8
599,cbearngm,rthysgm@mac.com,wv46WFs6
600,kheintzgn,ereacegn@sourceforge.net,CTqfXEJFZ3hz
601,vliffeygo,edelacroixgo@oakley.com,nGWBie
602,mcloakegp,mparrygp@omniture.com,u9pVD5oxXS
603,agivensgq,bcasselygq@reuters.com,AwN80KDJ
604,amcsherrygr,cdrummondgr@webeden.co.uk,6pUn4lnDf6D
605,kblakelygs,tkettlegs@dell.com,uZoHOMPe3aH
606,bsousagt,sionsgt@hugedomains.com,bHibqHGg
607,gmcsporringu,mhabberghamgu@tmall.com,MlIKxuhBBit
608,rclacgv,galtoftgv@theatlantic.com,3Q9jx0Ai
609,hlaughtongw,rmounchgw@samsung.com,4mI8vCnczH
610,dcherrettgx,churstgx@indiatimes.com,WH8IjZ
611,pmarymangy,fswainsburygy@npr.org,FIWOjsmWIcLh
612,emoresidegz,ssweetzergz@surveymonkey.com,gY9s6rV6
613,tputtenh0,gsloweyh0@tripadvisor.com,OPd8aSZW
614,ljecockh1,nhackeyh1@desdev.cn,IB7hR5
615,thaugehh2,cacklandsh2@arizona.edu,OpPzvli
616,drunchmanh3,carnauduch3@about.me,mDheeMIuuv
617,klindwallh4,wstefanovich4@reuters.com,J2l4z4H
618,jorhrth5,jjaggerh5@reverbnation.com,lBl5GG
619,abrookshawh6,egainsburghh6@constantcontact.com,UAhD4S7hI
620,amapowderh7,relesanderh7@accuweather.com,6GGrrw7lgL
621,nlukerh8,tvarianh8@storify.com,sXxLfl
622,twahlbergh9,fgrzelczykh9@spotify.com,RWKFuWB
623,rkintzelha,hwearingha@reddit.com,jWZlawaPK5HT
624,dbaldettihb,cloidlhb@bluehost.com,Lv05NAAwp
625,sandrenhc,dyekelhc@elegantthemes.com,pYZYnU3uA30k
626,kcattonnethd,oaccombhd@google.it,4EDO6E
627,hcrathornehe,pabbatinihe@weibo.com,7xxqouuoX
628,amacadamhf,cfeedomehf@qq.com,cESUaksf
629,gmccullaghhg,cjorinhg@altervista.org,nqLGX7oKQd
630,bcundyhh,averdyhh@diigo.com,L4WqJlN
631,ndenhamhi,mlythgoehi@imdb.com,D0OQYQ
632,cacehj,gwoodwardhj@clickbank.net,GMfRV1
633,akubatschhk,alawleehk@blogspot.com,vd7NyV9
634,gchristoffehl,bdevonaldhl@who.int,f12rFdsBpRrV
635,ccabanehm,mwilcotthm@squidoo.com,xIGJj7k7EKf
636,spresseyhn,wolcothn@yahoo.co.jp,AcAmXo
637,bdiggellho,singlebyho@tinypic.com,EVrE8HJd
638,bsherynhp,pthurstanhp@msn.com,jt6yvyFbp
639,sdellenbachhq,rgosnayhq@live.com,p0jdBIBo
640,bcreginhr,lpheliphr@live.com,CJ3zFXGuh
641,ggenths,mcunningtonhs@spotify.com,nQ2hytPI
642,asharplinght,sbrockherstht@friendfeed.com,vsk1kE3jz
643,apunthu,sstrelitzerhu@cocolog-nifty.com,5PYY0iXj0l
644,dwolstencrofthv,lbertothv@craigslist.org,db2945u8
645,gneillyhw,achillingsworthhw@sbwire.com,hXFrCm
646,skingwellhx,jdenyukhinhx@narod.ru,SbehA9iebAz
647,bfukehy,zwattshy@cbsnews.com,I3EvYLUOb
648,dlandahz,hiacopettihz@comsenz.com,ZK3Ap1J
649,nwabersichi0,gdellabbatei0@chronoengine.com,JXJBLyy6k
650,fbertwistlei1,bdengei1@blogger.com,I55YfSrE9rWw
651,lclearei2,mbletsori2@answers.com,wbn0WU0v
652,kcouveti3,nmacdiarmidi3@qq.com,ACdG9xuMuEh2
653,cstubbesi4,cdeyei4@jalbum.net,JkoSDd8d7
654,zidilli5,bjolli5@xing.com,wxFRg8D1FscJ
655,tgoudmani6,rwinterbournei6@boston.com,kNYKP61Nli
656,dblakdeni7,mmewhirteri7@histats.com,oG65JbykJu
657,vstorrocki8,wmoppetti8@blogspot.com,EvKPVc3B
658,jellsi9,dbodycombei9@pbs.org,sUWn3X
659,sboottonia,amignotia@vimeo.com,KA7DoNm
660,abaisonib,ecomettoib@webeden.co.uk,P0oJYjAkHW
661,gmccomeic,kkollaschekic@cafepress.com,0URWqrb
662,wmcqueenid,ndudleyid@apache.org,KKXrfOS6Bn
663,baingellie,akeavyie@chronoengine.com,Ix37VXcjmfIf
664,shughmanif,gjoanaudif@telegraph.co.uk,j37NaU27B
665,dwindybankig,rpassinghamig@reuters.com,PeDFJOap
666,divakinih,wbullockeih@php.net,xQqvRY
667,gkiddii,bhelstripii@accuweather.com,WUqT9V
668,mobbardij,ebrimfieldij@surveymonkey.com,6G1buCiX0Fhm
669,hmedlicottik,alysaghtik@blinklist.com,2b4Qzq2bdk8
670,ecornilsil,rstandallil@yellowbook.com,GeT04e
671,bcogarim,byakebovitchim@ehow.com,lzHx26SB
672,wpuddiferin,rmenichilloin@hugedomains.com,FKdLsO4e
673,sfosdikeio,rritchmanio@buzzfeed.com,UKrGbLE8U
674,amittonip,bclapshawip@dion.ne.jp,WOABPd
675,kcolnetiq,sflewaniq@ask.com,yzn2CN9
676,tfaggeir,jpenasir@zimbio.com,yxWsRIlW
677,schecchiis,dcromwellis@sfgate.com,DvdEGrrQq
678,iianniniit,stignerit@imageshack.us,2Mtu2Gn
679,gperotiu,rkasparskiiu@woothemes.com,zjeGZQ
680,dmanghamiv,gdifrancecshiiv@cornell.edu,qNhn2UnOJv
681,balvesiw,cbonniniw@histats.com,cQfFI0zv5DE
682,nonolanix,ychristofleix@uol.com.br,4y0K7jB6Jds
683,dpauncefortiy,hhollieriy@about.com,jGxCNUksSPK
684,mtreaceiz,ksinclaireiz@blogspot.com,eP1Ayw15
685,pobyj0,bredgewellj0@auda.org.au,BoeYP3WT
686,mreaperj1,ccrippenj1@unesco.org,HolR0OME8h
687,jallbonesj2,ecopesj2@yale.edu,YMjYCv
688,jpudnerj3,astendallj3@yandex.ru,z7PUKjc55uZv
689,ibrodneckej4,gbrackenridgej4@mysql.com,KA1Ljk4mer
690,mhellwingj5,rkarlssonj5@forbes.com,K9LRsJ
691,ejirusj6,ccobleyj6@miibeian.gov.cn,tvgy4ky55
692,awiggansj7,dgavrielij7@washingtonpost.com,4FWZlD
693,kpennonij8,kguinanj8@hibu.com,3QKofS6l
694,mlantryj9,cgirodierj9@cnbc.com,LU17UzgQmW
695,pandriveauxja,hmccloidja@google.ca,otH1yFbDzKO
696,csesonsjb,hodonohoejb@wikia.com,FO8aLHIEs
697,awildishjc,lbericjc@wikispaces.com,PVdcW5v8
698,astaleyjd,hgilstounjd@globo.com,vQkwunqJ
699,hwinslowje,hsiebertje@uiuc.edu,cAFVfhY4bp
700,dmilsapjf,jseathjf@home.pl,6XdUO0
701,dteaguejg,rpictonjg@cbslocal.com,XMrw5C
702,dbrimelowjh,dgilleyjh@arstechnica.com,9xaBZI
703,ntroilletji,cbrunskillji@cdc.gov,SUpjGWmob
704,aridholejj,aocannanjj@marketwatch.com,fx1mPHStpyO
705,dlambertonjk,egilffillanjk@bravesites.com,w5hlxmo
706,grolphjl,lfairbournjl@gnu.org,X0suGUDjjHU
707,msuddardsjm,kmoylejm@sina.com.cn,r0kTsF23zXa8
708,nsutchjn,tgiovannaccijn@zimbio.com,aT6xRHQ
709,lsouthernjo,jwhertonjo@zdnet.com,VNFIEI
710,gimesenjp,rchatresjp@mozilla.com,Fck7Ci7xzq
711,ccrowchjq,ccarnejq@hexun.com,eNonmpfkeeoX
712,galdwichjr,mpiolijr@about.com,l5Gr92G
713,dpatingtonjs,ctotarojs@rakuten.co.jp,BFHehh
714,bbaloghjt,dmaccrackenjt@virginia.edu,HYAN8OMX6veX
715,eelhamju,rgabelju@bravesites.com,0hqMc57Z
716,tgiacomassojv,rmarinjv@mlb.com,wsY4r02Kl
717,lbirbeckjw,agobertjw@ow.ly,nuppB6OuhZE
718,wgandyjx,ncriellyjx@bbb.org,Ntnm24GS
719,fstledgerjy,rkirleyjy@discovery.com,9PldZEcm0j
720,clisciandrojz,cowthwaitejz@bbb.org,XwJtm2
721,sfieldenk0,dcassedyk0@census.gov,bRHnUX
722,nabramsk1,kbowlesworthk1@tmall.com,mTeUkAknYne
723,alivardk2,efarlanek2@reddit.com,IFXKKUpNi
724,hrawlynsk3,kderycotk3@icio.us,HoTVh8nBPw5
725,rlegerk4,gwarehamk4@xrea.com,hYKB8Lj
726,pdevinek5,adeknevetk5@irs.gov,X1ZgTZZMD4
727,rbraunesk6,kmingerk6@flickr.com,Mi5cDlB9lj
728,crosonik7,jmussardk7@youtube.com,g6JUhtZ
729,bmatteolik8,edutnellk8@hc360.com,TJhFDZlQP
730,mpetaschk9,tcookneyk9@blogtalkradio.com,ykrLQFIlQPz
731,bivanichevka,csloranceka@hp.com,sbg7HLSUjMmV
732,jslogravekb,mruzickakb@ovh.net,dovTqpkkK
733,cstaffordkc,ftheriotkc@hugedomains.com,67Y35sO
734,eringskd,bkettskd@vinaora.com,6BXvdnVp
735,drandallke,bscotsonke@purevolume.com,f1TA1KYl
736,cbaudkf,grobkerkf@elpais.com,9KtpQ0Fyna
737,ibrethertonkg,hcozbykg@friendfeed.com,EIXZLxS2go2
738,kwiggingtonkh,khebdenkh@cnet.com,p38DqOxZ887e
739,vhattiganki,jhaylerki@ox.ac.uk,H8RxXaLt
740,camykj,dsheerankj@mozilla.org,fWR4vR
741,batleekk,tshuttellkk@etsy.com,6vYEFTOY
742,ecitrinekl,phornbucklekl@twitter.com,PJBtZ9ws4O4T
743,egawnkm,enoonkm@pen.io,utfNCUy59J
744,csommerscaleskn,fsharphurstkn@earthlink.net,2EwboPk
745,cglancyko,beyreeko@illinois.edu,XE1713iIFG
746,wchristleykp,ggowngekp@google.cn,nntfHW4De7PO
747,kruzekkq,btrimmillkq@vistaprint.com,ExYfee
748,lbosketkr,wwarretkr@altervista.org,CXlngGFh
749,adeblasioks,jjemmettks@gnu.org,TWoCpF
750,gthwaitekt,rugonikt@mozilla.com,duFM5L
751,mglasperku,jnurseku@github.io,0pCgFxb
752,dblasekv,ccantopherkv@bbb.org,kqGINtr8b4t
753,crookkw,bmcclenankw@a8.net,jO74XVl30CdT
754,mmanchettkx,rsisselotkx@sphinn.com,XlIbFaU
755,jbraidwoodky,hmeesky@geocities.jp,xnyHMNwr1T
756,cwibberleykz,vpilipyakkz@parallels.com,8lsSKooJbeF
757,kjoriotl0,aadcockl0@studiopress.com,7vJXOy5qBzI
758,jcassiel1,gifilll1@netscape.com,snKroFJ3R2
759,mpickrelll2,cferfullel2@slate.com,2PYQrpK
760,lfippel3,gkieffl3@admin.ch,4B5Zc4ez
761,spatemanl4,tbertiel4@blogger.com,qYQtsG
762,rmckeighenl5,mclewleyl5@imdb.com,1mNrQHV5LPW
763,asweenyl6,pstollenbeckerl6@photobucket.com,zWxcJpp
764,tkrysztofiakl7,ebuxaml7@tiny.cc,5l5T3fvBb
765,csnowdingl8,fbrechel8@fema.gov,t0nscKuhts
766,tleallel9,wstrattanl9@si.edu,rUt3aYZm
767,idantoniola,aspurdenla@youku.com,61mrFnRhDxEm
768,kkenwardlb,astudmanlb@wiley.com,LHtdu2NDKfF
769,iolehanelc,dchrismaslc@ted.com,cwLkfnaJ7Xvv
770,imoormanld,ahyamld@opensource.org,q5uGHg
771,schristophersonle,ltamburole@google.de,tKaq56g
772,sharmarlf,bbrittlelf@istockphoto.com,WVYtCRzGtPsb
773,kdahlberglg,kdogertylg@cdc.gov,Vcb1Hc1
774,msenecauxlh,mmellorlh@biglobe.ne.jp,6HJQyMa9D0n
775,eleaneyli,dhebbleli@desdev.cn,FgwY0o
776,bninehamlj,saleksankovlj@icio.us,Q4hxfTrii4R
777,sgearylk,moffilllk@is.gd,vjnR9q1rnraV
778,amclucasll,chenkerll@wired.com,NBHwPtm
779,ftennicklm,bcallinanlm@google.ru,O9ATeXUbL
780,cgommeyln,smosenln@blogs.com,EeXvIZ
781,cloftlo,dfoyelo@hc360.com,ddaLV8Rsi
782,eamberlp,dcopplestonelp@seesaa.net,ZT8JxpkYKf
783,hbohanlq,bdukerlq@free.fr,5s87Kft
784,rgommerylr,nclewlowelr@blogspot.com,nNTInFsRc5
785,dhabbeshawls,krembrantls@w3.org,vFRcXuoSJ
786,gscrivinorlt,lgentriclt@webeden.co.uk,UzG6R5k4t
787,tibanlu,plowtenlu@clickbank.net,syvIfbAY11
788,kupcraftlv,icranfieldlv@wufoo.com,e3Iwill
789,vbeadonlw,acaldairoulw@dion.ne.jp,eGplIlO92RAC
790,reverleighlx,msmerdonlx@house.gov,0a7fpf2M
791,cfynanly,wregoly@nbcnews.com,1rDaCd7GrA
792,hloguelz,mhaldenlz@163.com,NvsXZoPOXR
793,soffenerm0,sbyassm0@disqus.com,EnZy4Xe
794,jswinerdm1,gcosserm1@joomla.org,wfFNEiO4BDZ
795,tmcgraffinm2,ftimmonsm2@npr.org,WQ5lZrZGsa
796,nsnoddym3,mcellem3@opera.com,tvJTCUw9Wg
797,hgoughm4,tknockm4@artisteer.com,G7XpBeB
798,ndeangelism5,gstrettellm5@surveymonkey.com,QT2NjujA
799,mthridgouldm6,asafellm6@dell.com,oSLtSjl
800,pmussolinim7,jsedgemorem7@businessinsider.com,BV90Xr
801,ptowardm8,bashwellm8@shareasale.com,YszBcWU2AYSD
802,bmenierm9,tsallym9@barnesandnoble.com,sbR7ctMv4l6
803,rsteersma,cjeanetma@multiply.com,mQJTo6q
804,lpavelkamb,ebuckeridgemb@goodreads.com,npmd0VVROu
805,ltrevainmc,espearsmc@who.int,ILTeKigct
806,nchalkmd,afomichkinmd@prlog.org,jSY41P5opE
807,gcristobalme,obuttenme@bluehost.com,OncRAe6vg
808,pdemougeotmf,jmckeagmf@biglobe.ne.jp,2zazbQEAJ
809,mdellortomg,lattoemg@thetimes.co.uk,Q29TOTXNynom
810,amckearnenmh,sdorymh@hugedomains.com,r5XBM9lUs
811,ekilfeathermi,desbymi@google.de,XNzJQ1g46x
812,jmathewsmj,fromaomj@prweb.com,OtUii2aP
813,bgreasonmk,lguemk@example.com,R7naIZpElR
814,rchurchingml,ybalconml@nbcnews.com,O2irSW9kkPn
815,mollermm,broubymm@skype.com,Hnt2zo3vt
816,fmacnellymn,bmasarratmn@java.com,OappPB1
817,hjentlemo,rweddellmo@army.mil,KolXzXDvK
818,gmongenotmp,kelsmeremp@umn.edu,OrKwVrIe
819,mraritymq,lmattevimq@msn.com,xLPwGh
820,londrousekmr,gscraggsmr@boston.com,G2muYXrSe4bs
821,sfellosms,nspitaroms@statcounter.com,CpmNhq7qCV
822,ysthillmt,nbennettmt@google.it,h1e4B69H
823,rcornilmu,margabritemu@ca.gov,Mf8UAHE
824,ocumberlidgemv,ejakolevitchmv@mozilla.org,LeZjNrC7R
825,nthodymw,adunrigemw@china.com.cn,lBmoIVsXr
826,lminchermx,avallerinemx@cbslocal.com,0285TIF9Lt
827,jstartinmy,rjeffressmy@godaddy.com,C2b9C0
828,randrollimz,ccarlozzimz@jugem.jp,ZSSXewT5zFZM
829,bhalstonn0,cdeveralen0@bbb.org,ffS5Yhl7i
830,mbeloen1,chamblenn1@mozilla.com,tY7VghEe8df
831,tgothern2,hdunn2@comsenz.com,B628x2ISc
832,dnicolsonn3,hluddyn3@businesswire.com,592Fzbi9i1y
833,haldersonn4,cratken4@hc360.com,rJ0HJcqd1FAx
834,pphilipotn5,onellen5@weather.com,7MZDYG7gVK4
835,abritnern6,vczajkowskan6@quantcast.com,WiBKnifX
836,atucselln7,amoliann7@mozilla.com,iXpLmHfdeM
837,mkyngdonn8,cgoodluckn8@msn.com,um5O6Wi
838,gpittawayn9,fleggenn9@netscape.com,dO3qkfMBPr
839,selcombena,mvaldesna@cam.ac.uk,s8uo134hCmC7
840,idimitrienb,atackesnb@ehow.com,GPzecyq0aV
841,sbohinnc,apatmannc@exblog.jp,bzgyScGE
842,wjustnd,gblackallernd@cmu.edu,hSfvoYrEUOaK
843,pdellabbatene,vshanklinne@nbcnews.com,JfvUcBz0nZL
844,ggouldthorpnf,cclosenf@4shared.com,5kkoocYMo
845,grandallng,efaveryearng@youku.com,CdLCrN
846,cbolfnh,nemneynh@dmoz.org,aXYRjjdW2fBN
847,cbeadelni,msheereni@bloglovin.com,vslj6V
848,kgodingnj,nbellochnj@hostgator.com,K803Bjv0
849,pbilovusnk,bcallinghamnk@ocn.ne.jp,4ApmINh
850,karrighettinl,dhovenl@blogtalkradio.com,6mpqQZn
851,lcoathnm,ocoathnm@blogspot.com,6KIE2bi
852,lsapsfordenn,hrussamnn@mail.ru,63Qm9uj
853,grollingsno,atorelno@gmpg.org,K8slBJlKfD
854,ewoolfallnp,cloudnp@elpais.com,zKPdjSkqFIZl
855,lkaindlnq,cmaciejaknq@godaddy.com,woJwUSpOg
856,rfauldsnr,ltowernr@google.de,mGsDY76einZ0
857,cbazellens,flytlens@multiply.com,R42NsYT2s
858,asterndalent,cmonckmannt@google.es,HUPrJgDUzAM
859,ecrossernu,tlatorenu@bloomberg.com,8tZsm7k8Q
860,mwallickernv,scartmernv@ted.com,9NST1FBrfax
861,kklousnernw,npristnornw@spotify.com,NbIJ6cyz
862,ebroadberrienx,ocharkenx@clickbank.net,GFcx4TqWP
863,rshuttellny,sdrillotny@sfgate.com,bfWQOxFkZ4a3
864,ghillbornenz,tsciussciettonz@admin.ch,6NUeKHcQ
865,apardio0,gpedlero0@de.vu,bTF7N9594BIl
866,amatterdaceo1,mabelwhiteo1@ezinearticles.com,nzWK6PO
867,glutwycheo2,fklebeso2@purevolume.com,qcBYWlwOw4S
868,tclemoeso3,zalstero3@xinhuanet.com,ACuUqf
869,pgepsono4,pbeecrofto4@theatlantic.com,AGK3h554
870,lsmurthwaiteo5,arealpho5@lycos.com,yL6Va78
871,apollitto6,gdelacoteo6@globo.com,r7lxFdpO
872,lmcgaugano7,tgreatbankso7@marketwatch.com,cwbIsuv
873,kduplantiero8,jrouseo8@ow.ly,Shg91NOmk
874,eadamo9,bjaneso9@sohu.com,lZ2C5yx7NY
875,gstuddaloa,akordtoa@4shared.com,xU6cOvSZRLy
876,jsaullob,stranterob@deliciousdays.com,hyVeRLUTb
877,astenhouseoc,rfranssenioc@domainmarket.com,HZstjv
878,dennorod,aterneod@census.gov,xAeioay
879,glidgleyoe,jcraigmyleoe@walmart.com,91d8EBb1
880,bisakowiczof,cdelbouxof@google.com.br,knC5GI8rJ
881,aaynscombeog,lburgonog@wiley.com,k97isaPCd
882,braspisonoh,mruddockoh@usa.gov,93Os9mzv
883,rcardewoi,wivankovicoi@businesswire.com,MvZwfY
884,amoineoj,rkrugoj@redcross.org,E7TdJx
885,hkunklerok,locorrinok@arizona.edu,nvEQkM62r
886,cvanarsdalenol,mhumphriesol@thetimes.co.uk,xawzbRt6NDf
887,puffom,jgadieom@mac.com,q2XtrY
888,jjansenson,bgiraudyon@washington.edu,yD4nGJ
889,rpomfreyoo,agodbehereoo@indiatimes.com,SFImdW4
890,credwallop,mredmellop@weibo.com,YVIUZjGlz6
891,smizzenoq,bposselloq@bravesites.com,7GMc4ot80jH
892,dchafferor,idenisckeor@github.com,6Vj9n8I16DD
893,mcampesos,jdrewcliftonos@timesonline.co.uk,Z2nLr7t
894,kmacgillacolmot,kdykeot@nationalgeographic.com,s4wmO8dJ2
895,hbeaneyou,nrentcomeou@sphinn.com,K7HiVu53L6
896,nswiffinov,jjanningov@biblegateway.com,E1yc0bsGr1
897,vfletcherow,mbenchow@xinhuanet.com,jJcvin
898,dsporrijox,rdockseyox@senate.gov,ikDj5Im
899,mcivitillooy,cberisfordoy@tuttocitta.it,o5JogzJ
900,kubsdalloz,hloweroz@sbwire.com,RnrxXM72csg
901,lgrimesp0,lbefroyp0@digg.com,HeMJ2z3r3vbd
902,bbulpittp1,vcollimorep1@wufoo.com,HtNG1HV
903,jmessump2,ahanssmannp2@dell.com,UjwrniPRAFDz
904,beliyahup3,mmontgomeryp3@multiply.com,4hIOcMnIg
905,obrothwellp4,hcowupp4@bigcartel.com,e2x23mkq
906,rgraftonherbertp5,abonehamp5@yellowbook.com,4ExQ4xyh8Q
907,lernip6,falmeidap6@huffingtonpost.com,r8EaxiB
908,dhudspethp7,rwynep7@cbc.ca,xqSSD2
909,nfolbigep8,etrewinp8@nationalgeographic.com,pnmX0kFgJZq
910,pbattersonp9,abembriggp9@army.mil,PXUkpJW
911,jhiddersleypa,fdumphrypa@washingtonpost.com,ApzrQs0PGcF
912,millespb,kfeldmanpb@ezinearticles.com,Pev7wyOXp
913,bgerltspc,egrenterpc@multiply.com,DbMqcuteuY
914,tmaslenpd,nhamlinpd@lulu.com,5R1vv1i3M
915,jjullpe,jmcelrathpe@dropbox.com,GK47PrtY
916,eangoodpf,mdundonpf@unesco.org,cdm4tsRb2o2m
917,sbernathpg,lfawdrypg@moonfruit.com,JcNhpljLg61k
918,fmallinsonph,sgeanyph@walmart.com,76GY0tvBz7CU
919,elegueypi,gelsaypi@europa.eu,Gm1k8O8rJSC
920,nhoneywoodpj,emoricanpj@bbc.co.uk,vYsVjazy
921,tallnuttpk,marnaudipk@wsj.com,xavRpwjLz2
922,alandsmanpl,fwilcotpl@acquirethisname.com,9LtJ7lRDp8W
923,rpersehousepm,kmacririepm@home.pl,HoBFZOn8zIof
924,hgrimmpn,ccoughlinpn@irs.gov,bcAY0GjmejnC
925,amacdougalpo,aholdronpo@shinystat.com,SgvDX1aiz2hL
926,wboogpp,kkryszkieciczpp@drupal.org,2Rlj1lS6y
927,tjobbinspq,lschaffelpq@msu.edu,YIOhehJXKhB
928,wveschipr,nboveypr@miitbeian.gov.cn,cToTY7
929,ltreherneps,owegenerps@deviantart.com,305Q4rWu8RU
930,bgrzegorzewiczpt,demanulssonpt@google.de,uSDEeV
931,lsteelypu,groubaypu@elegantthemes.com,ArAv6AHrhSK
932,klancastlepv,cantleypv@icq.com,3PsIyQimWC5l
933,vbranchepw,mvansaltsbergpw@digg.com,ofnbfu
934,ashapcotepx,jklimppx@stanford.edu,bfH9zcJgyF
935,apetersonpy,lclaysonpy@gov.uk,kzeVsk0g2sSi
936,ebasnettpz,koadepz@hp.com,AUzr14z6
937,rmackisonq0,mhayq0@live.com,KFlKU4eJS
938,jdawdaryq1,clillecrapq1@oracle.com,DHlGAJJj
939,vluckhamq2,cjolleyq2@privacy.gov.au,1DBKha5
940,cstrangewayq3,bmcturkq3@cloudflare.com,fv7rK77Ugf
941,aguillermanq4,rmiltonwhiteq4@fastcompany.com,wSHlLMn
942,btearnyq5,dblacksellq5@noaa.gov,c50oPbCWgIAN
943,dpaxfordeq6,sbulterq6@accuweather.com,fJiVKMR
944,wthornewellq7,pspurnierq7@walmart.com,vy8qkQ
945,ljedrychq8,bstubbesq8@drupal.org,GYKOXyIPR
946,rgrundellq9,rlarrowayq9@harvard.edu,hR6uG3yswaZ
947,nmckevinqa,gmacfadzeanqa@wiley.com,JWGt1r6oUCA
948,llockqb,rchevinsqb@opensource.org,txw1EIbE
949,jsalmanqc,ccapperqc@cargocollective.com,c9SJ3ww0
950,hcausbeyqd,mmcrannellqd@craigslist.org,PXMaRZNM
951,cwarboysqe,sbraunterqe@upenn.edu,C8YYODgCd
952,ffeldsteinqf,zeiteqf@tiny.cc,3TQ9OlZG
953,tsouthwoodqg,fdenisoqg@typepad.com,rKQhbzp01i
954,draistonqh,hgoodredgeqh@army.mil,4laT75
955,djudenqi,pflawnqi@studiopress.com,OeE5dcz81W2
956,kkirmanqj,rallenderqj@ask.com,o3qq5eYBGI
957,ablaaschqk,eellawayqk@wordpress.org,6CGXOh2
958,mtourvilleql,amortonql@php.net,OpgsCl
959,mcrabbeqm,igadeauxqm@wikispaces.com,87NJI7nZ
960,lgreedyerqn,ftonkesqn@rambler.ru,VjpGp8Rr
961,pleahyqo,yframptonqo@google.co.jp,mCWg2W
962,hgilchristqp,rsruttonqp@hc360.com,riG7kOyEahNW
963,soakqq,sgrisenthwaiteqq@amazon.co.uk,0N2cn1iKsh
964,rfitchewqr,pgrigoliqr@stumbleupon.com,49suqN8sOeaF
965,dhasellqs,jreucastleqs@newyorker.com,yoptQR9b2
966,kkuncqt,sbarkawayqt@istockphoto.com,uuzy8n
967,mmcmennumqu,drennlesqu@istockphoto.com,pkl3XGa3Q
968,trosellqv,chickenbottomqv@trellian.com,BaI4uWZO
969,fbharqw,ogontierqw@netvibes.com,KCCmTu
970,etuplinqx,ehowlingsqx@eepurl.com,8s25wbe
971,gcozbyqy,eattoeqy@flickr.com,7PzTkJ
972,avasyaninqz,hposnerqz@spiegel.de,N10eSYKl
973,lpulteneyer0,rpayner0@altervista.org,VCOLSXMKuQ
974,fhadkinsr1,fhallgathr1@paypal.com,defmgTzS
975,caselr2,dconewr2@alexa.com,WMsRRuPwj
976,cpollr3,mswepstoner3@altervista.org,WyIys9m
977,cbuckleighr4,sguillainr4@geocities.jp,2a0NTZ
978,twaterr5,eburhouser5@acquirethisname.com,LOsvu1
979,gjerroldr6,clettyr6@unc.edu,Bpe7URO3nEn
980,bcasementr7,lreilingr7@va.gov,C1fsC1Jfx
981,cpettigrewr8,hkonertr8@oakley.com,L30p4veEtj
982,omacgallr9,tsorsbyr9@yellowpages.com,dMdwWIA
983,ibressonra,smasserelra@opera.com,R5DDZzA
984,fmckinneyrb,zduftyrb@prlog.org,TSZnjwQLl
985,aceaplenrc,hlaterc@bizjournals.com,JnQEFU6tBl2
986,jketteridgerd,bcaswellrd@skype.com,cWbqU6
987,epentlandre,bcritophre@ehow.com,I4iwfugf
988,growellrf,abaudtsrf@desdev.cn,mXEXuArVH
989,badsheadrg,pconnettrg@fastcompany.com,T9Iwhzo
990,jchristyrh,sshelprh@goodreads.com,ctIiYoH5
991,splacideri,gweighri@bbc.co.uk,ZJgKIQTzfL
992,adwightrj,obakesrj@51.la,9WeOcA8yiR4I
993,vcorwoodrk,lcristofolrk@archive.org,DpoXsD2d44
994,hrootesrl,qjadorl@netvibes.com,3jiGkV51Li
995,lrevansrm,dsedgmondrm@google.nl,mDHFWCdtC
996,khardbattlern,edeamayarn@wsj.com,6RAQG2Y04QNR
997,mmacmeekingro,rfinlasonro@si.edu,3gSmre
998,mmaharp,sshepeardrp@squarespace.com,Kdp0OyuXw
999,pbirkenheadrq,larnirq@yahoo.com,Exc7TsH
1000,kinettrr,sfirebracerr@phoca.cz,WTKCm5d
